{
    "IXZIZZXZXZXXXXXXIIXZIXXIIXII": -0.012641997625000472,
    "IYXIXIXIZYXIXZIIXIXZZIIIIXIX": 2.1504430829000492e-05,
    "IZIIZIZYXIXIIXXIIIYIIIIXXIII": -0.15797742140862236,
    "IZIIZZZIIIIXIIXIXXZXIIIIIIXX": 0.1716032158910959,
    "IZIYZZZYZYXIXIIXIIZIIIIIIIIX": -0.024583253538092365,
    "IZXXIXIIIXIXXIXXIXIIXIXIIIII": -0.11702972892896946,
    "XXIXZYIXXZXXIXXXXIZYXXXIZIXI": 2.2359009983935422e-14,
    "XXZIXIIYIZXZYZIZIIIIIXIYZIXZ": 1.8285039394198025e-34,
    "XYZXIIZIZYYZIXYZIXXYIXIXYIZY": 4.957771674587052e-31,
    "XZXZIIYIZIXIZIIIIIZIXZXYXXIX": 6.940156921217176e-07,
    "ZIIIZZIZIXXIIIXIIXZXIIXXIXIX": 0.25768851403256016,
    "ZIZXZIZIXIXXXXXIXXZZXIIXXXII": 0.1860505454318895,
    "ZZYIZZIIXXZXIIXXXIIXXXXXIXIX": 0.12818398616610405,
    "ZZYXZIIYXZIXXIIIXXYXYXXIXIXI": -0.03522063864607213,
    "ZZZZIIZIZXIIIXIIXIXXIXXIXXXX": -0.17994431144687356
}