{
    "IIIXZIYIIIYIZIIIZYIXIXXXIIYZIIXXXIII": -0.21487056293384857,
    "IIXXIZYIIZZIIXZZZYXXXIIIIIYYIIIXXXII": -0.05325420814517277,
    "IIYZZZIIIYXIZXYZIZIYIIXXXIXXXXXIIIII": -0.023275119844982962,
    "IYXYIXXIXIXXZIXXZIZIIIXZXXZIXIXIIIIZ": 4.330919887053541e-23,
    "IZXZIZZXZYXIZZZZYZXXIXIXIXZZXXXIXIXX": -0.021888195867677637,
    "XIIZIIIXYXIZXIIYYIIIIIIXIXIXZIXXXIIY": 2.4196146021942705e-29,
    "XIIZXIXIXIZIXIYIXIIXZIXIIYXXIYZZYYZX": 1.176055314975849e-41,
    "ZIIIIXIXXYXIYIIZIIIXIXIYIYIZZXZYIIXX": -8.481207883464435e-14,
    "ZIIIXXYIIZIIIIIIIIIIYZIYIXXIZIZIXXXX": 4.2481559960174126e-20,
    "ZIIIZZZZZIZZXIIIYYIXXXXXIIYYIIXXIXII": -0.04462464023389107,
    "ZIIXZZZIIZIIIXZIYYIIIIIXIXZZXIIIXXXX": -0.21363284953359937,
    "ZIXXZXIXZIYZZZIZYXZIIXIXIIZZIXIXIIIX": 0.015405527506296646,
    "ZZIIZIXYIXYZIZZZIIXIXXIXXIYYXIIXIXXI": -0.026105050438137375,
    "ZZXYZZIIIXYZIZZZXIIIXIIIIIZZXIIIXIXI": -0.05488559264254339,
    "ZZYZIZIIIIIIZZZZYZIXIXXIIXIIXIIIXXXX": -0.10456962567274371
}