{
    "IIYIIIYIXIIYZIIIYZIXXIZZIIYXXIXZIIZI": -1.5241617169211334e-18,
    "IXXXIZIIIXIIZIIXIXIIZIIXXXZXZZZIIIYX": -3.5618078995487016e-12,
    "IXYIIXXXXXZXIIZIIXIXIZXXIYZIXXXIXXZZ": 4.514468636807282e-17,
    "IXYIXXIIIIXZZXXXIXIIYIXIYIIZZIXIIIIX": -6.156221524717009e-17,
    "IXZXIYIXYIZZIIIXIIXXZZXIIYXZXXIIIXIX": -5.084905638263136e-17,
    "IYIXIIXIXZIZIZXIXZZIYZZXZZXZIXXIXIXY": -3.3748506782424856e-22,
    "IYXZIIYXXXXIIIZZIIZIZZXXIZZXXIZXXIZZ": -3.526343566464537e-28,
    "IYZZXXZIXIYIIYIIYXZXXXZZIZZXIYZZXZZI": -1.5269887706610486e-43,
    "XXYIIIXIZIZIXIXIXXIXXXIIXYZZZIIIZXZZ": -2.1073785399722112e-21,
    "YIIIXYIIZIZIIZYXYZZYXIXIIIIIYIZIXZXX": -1.5264558579716853e-30,
    "YIIXIIIXIIIXXIXIYZIXZXIXXXIIXZXIXIXX": 3.908573874587666e-12,
    "YXIIIYZIXYYIIYXIXIXIXYIIIZIXIXXZXZIZ": 7.374418433594585e-27,
    "YXIZZIIZZXYZXXZXYIXXIZXIIIZIZIIYIYYX": 3.2688077816239545e-13,
    "YXYXYXYYYXYXZIZZIYIZIZXXXIXIXXIIIYII": 7.442139377058639e-27,
    "ZZIXXXXIIZIXIIZXIZIIIXXYXXIXIXXIIIZI": -3.50213264973267e-19
}