{
    "IIIIZIIIIZIXIZIIIXXIIXXXIXXIXIIXIIXX": -0.5646761233608456,
    "IIIYIIIIIXYZIIIIIZIYXXZXIIXXIZIXIXXI": -2.38090734782739e-14,
    "IIIZZIIZIZIIIZIIXIXIIIIXIIIIIXIXXIXX": 0.743284666426537,
    "IIXZIIIIZZIXIIIXXIXIIXIIXXXXXIIXIIII": -0.24978333599107636,
    "IXIIIIZIIIIZIIZXIXXXXXXXXIXXIXXXXXIX": 0.10986268934809976,
    "IXIXZZZXIXXIXZXIIZXXYIXYZXIXYIZZIIZI": -1.1553967546547594e-31,
    "IZIIIXXIXZXIYXZXIZIIIZXIYIXXZIIZXXYI": -5.57657664452437e-28,
    "ZIIIIIIZZIXIZZXIXIXIIXIIIXIIIXIIXXXX": 0.23696633666106953,
    "ZIIIZXZYZZXZZZXIYIIXXIIXXIXXXIIXXIXX": -0.019305599294752153,
    "ZIYIYIXZZXIXIXXIZZZIIZZIXXZZIXYZIZII": -1.627986412372999e-28,
    "ZXIIIZIIIIIIIIXZIXIIIIIIXXXIIIXIXIIX": 0.10801513773774954,
    "ZXIIZZZZIZIIIZIXIIIIIIXIXIIIIIIXIIXX": 0.29797476084131486,
    "ZZIYZIIZZIXYZIXIZXIXXXIXIXIXIIXIXIIX": 0.09908707713499307,
    "ZZXZIYIIXXIIIIYXXZYZZZIZIIZZXXIXIXIX": 9.13394005016942e-20,
    "ZZZZIXIZIZIXIZIIXXIIXXIXXXIXXIIIXIII": 0.2645792703100653
}