{
    "IIIIYXZIIIXIXIIIIXXZIXYIZZYI": 4.963459094957343e-30,
    "IIIZZXZIIIIXXXXXXXXXXXXIXXXI": 0.33303220275510825,
    "IIXXIIIZIXIIIYZXIZZXXIIYIIYZ": -1.7820254181664943e-32,
    "IZIIIIIZXXIXXXIXXXIXXIXXXIII": 0.8397027344325004,
    "IZZIZIZZIXXIXIXIXIZZIXIIXIXI": -0.04430531193834715,
    "IZZZIYZXIIXXXIIIIIIZXXXIIIXI": -0.027223851909176058,
    "XIIZIIIZIIIIXXXIIIXIIIIXXIII": -0.19095399817237618,
    "XXZYXIXYXIIZIZXIZXIIIXXIXIXY": 5.1404107307909355e-21,
    "YXZIZIIIIYZXXIIIIXIXIIXXIIIX": -0.006728897121022433,
    "YZYIIZXIIYIXZIXYXZXXZIXXIIXY": 2.0351700682773887e-19,
    "ZIIIIYZIIZXIIXXIIIIYYXZIIZIX": 1.6482858992059622e-17,
    "ZIIIZXYZIXIIXXIIIIZZIZIIIIIX": 0.030153740005009203,
    "ZZIIZIXIXXXIIIXXIIIXXXIXIXII": -0.26400416027994633,
    "ZZIZIZZIIXIXIXXIIIXIIXIXXIXX": 0.7398475409258635,
    "ZZYIZIIIXZIIIIIIIXXIXIXXXXII": -0.021100989857233424
}