{
    "IIIYIZXZIYZYZIIIXIIIIIXXZXYXXIXXIX": 0.029303898605072175,
    "IIXIIIXXXXZXXZIIXXIIZIIIXIIXIXXIIZ": 2.6905652558920354e-12,
    "IIXIIZYZIYZXYIYYIIXXIIIIYZXIXIIIXX": 0.031586069171959136,
    "IIXXXZIYZIXZYZXZIIXIXXXXXIIIIYZIYX": -1.5249859974202126e-26,
    "IIXXZZIZIZIIZZYXYXXIXIIXYYIXIXXIXX": 0.04327105111365581,
    "IIZIIIZXXZZZXIZYXIXIIIIXYZXIXIIIIX": -0.050800034165632876,
    "IZIYIXIIZXZZZZZYIIIIIXXXZZIXXIXIXX": -0.018509299630407892,
    "IZXZZZIZYZZZZZYZXXXIIIIIZZXXXIIIXX": -0.05840775476559216,
    "XIIYXXIYIXIXXIIIIXZXYYZIIXIYZXYXYX": 3.6917257692059976e-25,
    "XXXXIXZZXIYXIIZZZXIXIIIXIZIZXIIZII": -2.699593830019185e-23,
    "XYIYXIXIYZIIIZIIIZIXXZZIIXIIZIYIXZ": -1.647179345248573e-26,
    "ZIIIZZXZIXZXZZIXIIXXIXIIXIXXXXIIXI": -0.11496865390717469,
    "ZIZXIZYYIZZIIIZZXXIIXIIXXXXIXIXIIX": -0.0782039619223012,
    "ZYYXIZZZXIZIYZXIXIIIIIXIYZXIIIXXIX": 0.029298254232969407,
    "ZZIXIZZIZYZZIZZYIXXXIXXXIXIIIXIIXX": -0.061439698414278716
}