{
    "IIIIZZIZXIIXZYIIIIIXIIIIYXIXIIIXII": -0.13160396961528129,
    "IIIYZIIIIXZZIIIYIIIIXXIIIIIXIIIIII": -0.143034025513227,
    "IIIYZIIZIYIIIIXZZIIXIIXIIXXXXXXXXI": 0.027761432925038593,
    "IIIZZIIIZXYZIXXYXXIIIXIXXIIIXXIXXI": -0.08381555035642468,
    "IIXZIIYIIXIZXIZXXZZIIZZYXIXYIZIYZI": 4.956145721607639e-22,
    "IIZIZYIXIIIZYXXIXIXXIIXIIZIIZIIIIX": -0.005120552489687064,
    "IXIYZIZYXIIZIZYZIIIXIIIIYXXIIIXXXI": -0.013188646082316851,
    "YIIIYZXZIIIIYXIXIXYIXIIYZIXZXXIIXX": 7.553547828976856e-17,
    "YIXIYIZIIXZZZIXIYYXXIXIIXIXIXXYYII": -1.4283126780004925e-18,
    "YXXXYIIXYXIIZIXIIYIXIZIZIXZXXIXZXI": -7.540198099192741e-23,
    "ZIZYIZZIXYXZYZIXIXXIIXXIXYXXXXXIII": 0.006705780303363933,
    "ZXXXZZZZXXZIXYZXIXXIIIIXYIXIIXXIXX": -0.02728778188945034,
    "ZXZXXXZXIXXZXIYXIIXIXXXIXXIXXZZIII": -6.699752334417742e-17,
    "ZXZZIIIZXIXXXYIIIXIXXIXIXYXIIXXXIX": 0.01965466008918299,
    "ZZYZIIIIXYXIXXYYIXIIIXXXIIXIIXXIXI": -0.03995841962130307
}