{
    "IXXIXZZXZZXZYYZYIYXZZYZZIIIZXIIIIIIZIZZIZI": 2.293707093490901e-109,
    "IYYYZXIZZZZZZIIZZZIZZZZIYIZZYYIYIZIZZIIZZY": 1.8326489625446011e-93,
    "IYYZIIZYZIXIZZIIYZZZZZXZZZZZYZIYXZZZZZZXIZ": 6.664425529499578e-114,
    "IYYZYYZYZZIZZIIZZYIXZXIZIZZIZYIXZZZZYZIIIZ": 9.486155956769292e-115,
    "IYZIZIIIIIXZIIZYIZIYZZYZZZZIIIZZIIIYZIZZXZ": -4.002615186412131e-69,
    "IZIZZIIIYIZZIIZZZIZIZXZZYZIIZIZYIZIZIZZIXZ": -7.815424547586991e-50,
    "IZIZZZIYXZZZZYIZYIIXZYZIIZIIZZIYZYZZIZZIZZ": 2.1923928351698335e-59,
    "IZXIZYZZZIZIZZZZZZIIZYIZIZZIIZZZZZXIZIIZZI": 1.525958151094097e-53,
    "XIZZXZZZIIZYXZZXZIIYZIIZIZZZIZZZZYZZIZYYZI": -1.2459780668327837e-70,
    "XZZZIZZZIZIZZZZZZZIIZZZZZIZIYIZZYXZZZZZIZZ": 3.9465001240940604e-53,
    "YZIZZZXZIZYZXZIYZZZIZZZZZIZXZYIIIIYIZIIXIY": 3.136737457777998e-81,
    "ZIIIXZZZIZZZZIZZZXIIIYZZIZYIIZIZIZIZIZIZYZ": 3.9732065475749313e-42,
    "ZYZZZIZIXIIZIIIZZIIIIZXIZXIZIZYZZXZZZIZZYZ": -4.295627194363047e-66,
    "ZZIYZZYZZIXZZZZZZZIIZZIYIYZIZIZIIIZZZXIIZZ": -6.390878535749149e-80,
    "ZZZIZZXZYIIZZIZZIIIZZZZYZIZZIIZIYIXYZYIZZZ": 1.6750927187154544e-89
}