{
    "IIYYYIZZZXZIIZIZZZIZYIZIZIZZZZZIIIIIXZZY": -1.6251593370291856e-65,
    "IIZZYZYIYXIZZXXZZYZZZZIZZZYZZZZIZXYYIIYX": -1.3800972615015255e-78,
    "IZIIZZIIYZIIXZXIZZZZZZIZZIIYIIYZIZIZZYZI": 6.034269029764113e-43,
    "IZZZXZZIIYIIIIIZZIZIZYZIZYZZYZIYZZIZYZXZ": -2.1902381895489708e-44,
    "ZIZZZZZZYZZIZZIZYZZYZYZZIZZIIZZZZZZIZYZI": -3.754541991126074e-27,
    "ZXXIYZZIZZZZYZIIZIIZIZZIZIIZZZXXZZXZZZZZ": -8.997459543894841e-67,
    "ZYIZXIIZXZZZYZIYZZIXZZZIIIZZZIIZYZIZIZZI": -1.7019195087642546e-67,
    "ZYZIZXZIZIZIZIYIIIZIIIZXIIIIZXIYZYZZZZZX": 9.685213550194931e-48,
    "ZYZZIIIZZZIZIZIXIIIZYZIXIIZIZZZXIYIZIZIY": 3.4326798594967366e-34,
    "ZZIIZIZXYZZZIZYIZIZZIZZZYXZYXYIIZIZZYYXZ": -4.269503642840994e-48,
    "ZZIZZZZIZIIZIZXZZIZIZXZZYZIIZIZZXZZZIZZY": -2.029000629312139e-17,
    "ZZXIXXIYYXIZIZIZZIXZIZZZZZZIIIIIZZIIYZZX": -1.7892683103618756e-93,
    "ZZYZXXZZZZZZZXZIZZYXZZZIXZZZZZZYZXZZIXII": -1.5285098557779764e-66,
    "ZZZIZIZIZZZYIIZZXIZIXXXZIYYZZZIIIIXZYZZZ": -3.7212901707663738e-31,
    "ZZZIZZIIZYIZIIXXIXZZZZZIIZZYZIIZZZZZIZIY": 4.8677640459289255e-30
}