{
    "IIIZXIZZZYIXIZZZZYZXZZIZZZZZZIZYZYIIIIZZZY": 6.0884072836896e-69,
    "IIZIIZZIZZIZZYZIZIZZIIZIIZZIXZIYXZIIIZYZZY": 1.0954471763587996e-40,
    "IIZZIIZZZZIZZIZIIZZIZIYIZZXIZYIIZZZZIZZZZZ": -2.6043991168004897e-16,
    "IXIZYZZIZIZZZZXIXXYZIIZZIZZZZZIZIIZIZIZZZZ": -2.3890005516878805e-53,
    "IXZIZZZZYIZIZZZYYXZIZIZIZZIIZXZZZZZYZIIZZZ": 1.3244137170417635e-62,
    "IZIZIIZZZIIZIZZZZZZIIXIZZYZYZYXZZZZYIZZIZI": -1.3190187721229012e-35,
    "IZZIZIZZIZIIZYYIIXZXZZXZYYIZIYZIYZXIIZYIZZ": -3.5433919945656315e-68,
    "XIXIIZYIZZIIIIZZZIXYYZZYZXXZZIIZZZZIZXIZIX": -2.4170501429306767e-115,
    "YZXZIXZIYIZIZZIIIZZZZZIIIZYZZIYIZZIZZIZZZZ": -3.9989740921659556e-70,
    "ZIZIZIYXIZZZIZZIYIXZZXZZZIZZZIYIZYZXIZIYYY": -1.320740085516145e-96,
    "ZIZZXZZZIZYIZIIXZZZYZZZZYZZZZIZZIZXYZZXIYZ": -2.904047044680041e-83,
    "ZXIZYZYZZYXZIZIZIZYIZIZZZIYYIIZZXYYXZXYXII": 2.7066808564893583e-107,
    "ZYZZXZYZIZYZZIIIZZZZZZIIZYXZZZXIZIZZZZZZYI": -4.1439391452216688e-81,
    "ZZIXZIXXZZXYZIIIZXIXZZIZZIIZXXIIZZZZIIZYZY": 4.810427854773045e-111,
    "ZZZZIZIYYYZZZZIZZZYIZIZIZIYZZIXZIZIIZZIZIZ": 2.4559311812874268e-62
}