{
    "IIIIZZIZIZIZZIZZIZZZZZZZZIIXXZXIIXIZZZ": -0.2407196225477986,
    "IIZZIIIZIZIZZZZIIIZZZZZZIIZIIIIIIIZZZI": -0.5463714563963784,
    "IZIIZIIIZIZIIIIZIZIZZZZIXIIIXZXZIZXIZI": -0.20835623386605368,
    "IZIZIZZZIZZZZZZZIZIZIZZZIIIIZIIIZIZZIZ": 0.6859358517217959,
    "IZXZXIZZIYXXZZYXYYZIXIZYYIIZXZXZZIZIZZ": 1.7921965665405093e-134,
    "IZZIZZXIZIZYIIIZZZIZIZZYXZXIIZZIIZIIZI": 2.3627156835877128e-42,
    "XIZZZYZIZYIIIZIIIZZIZXYZXZZZIZXZIZIIII": 4.766065624054594e-56,
    "ZIIZIZZZZZZZIIIZIIZIZZZZYIZZXZXIZZYIZZ": 0.1524018795206085,
    "ZIIZZZZIZZIZIZZZIZZZIIZZIZZIZZIZZIZIZZ": 0.6157711503255301,
    "ZIZZZZIIZZZIIZZIZIZZIIIIZZIZIZZZZZZIIZ": -0.6743089886819825,
    "ZYZIZZXXIIIZIZIZIIIIZIZZZYXZZIYIIZZIIZ": -3.0932458551497215e-56,
    "ZZIIZIZZZIIIIIZIIZIIZZZZZZIZZIZZZIIIIZ": 0.8054259220995812,
    "ZZZIIZIZZZZZZIZZZIZZIZZIIZZZZZZIIZZIII": 0.6535359653174488,
    "ZZZIZXYYYIIIYZIZIYZZXIZIZIZYXXYXZIIXXZ": 1.7714395702200369e-96,
    "ZZZZZIZIZIZZZZZIIZIZZIZIIZZIZIIZIIIIII": -0.6494170148623757
}