{
    "IIIIZIZZZIIIZZZZIZZIIZIZIZZIZZ": -0.8187353392757721,
    "IIIZZIZIIIIIZZIIZIIIZZIZZIIZZZ": 0.8245202519745517,
    "IZIIIIZIIZIZIZIZZZIZIZZZIZIZIZ": 0.8824229398076434,
    "IZIIIIZZIIIIIZIIZIZZZZZZIZZZZZ": -0.8785939486327593,
    "IZIIZZIZIIZIZIIZZIZIZIIZZZIIZZ": 0.8655530930859593,
    "IZIZZIZIIIIZIZIIIZZIIIIIIZZZII": 0.857917185104136,
    "IZZIZZZZZIZIZZIZIZIZZZZZZZZIIZ": -0.8845647203528126,
    "IZZZZIZIIZZZZIZIZIXZIIZYZIZIZZ": -3.7000885416794697e-13,
    "ZIIZXZXIZIZZZZZZIZYXZXIYIIIIYI": 7.585377678623892e-59,
    "ZZIIZIZZIIIZZZZZZZZIZIIZIZZIZI": 0.9390355694280933,
    "ZZIZZIYZZIIZIYXZZIXZYZXZZZZYZZ": -5.18500923729212e-31,
    "ZZXYZZXZZIZZYIIZIYIIYZZIXZZIXZ": 2.10364067402184e-71,
    "ZZZIIIIZIIZIZZIIIIIIXXIZYYZZIZ": -0.19583901574455875,
    "ZZZZIIZZIIZZIIIZZZZXXZIXXIZIZI": 0.24481438974405856,
    "ZZZZIZIIZYIIIIZIZIZYIZZIIZIIIZ": -1.926835241554147e-25
}