{
    "IIIIIIZZIIIIZIZZIIIIIZIZIIIIII": 0.935211753204109,
    "IIIIIZIZZZIZZZZZIIZZIZIZZZIZZZ": 0.955356151851163,
    "IIIZZIIIIIZIZIZIIIIIIZZIZIZZIZ": 0.8794089110001728,
    "IIIZZIIIZZIIZIIIZZZIIZZZZZZZZZ": -0.8344873672894035,
    "IIZIIIZZZIZIIIZZZIXZZXIXXIIIZZ": 0.23652775213327204,
    "IIZZZIZIZIZIIZIIIZZZIZZIIIIIZZ": -0.9303540317813473,
    "IYXIZXIZZZZYIIIIZZIYIZZZYIZXXI": -2.8146417454766806e-72,
    "IZIZZZZIZZZZZIZIZZIIZIIIIZIZIZ": 0.8347423813119058,
    "IZZXZZIZZYZIZIZZZYIZZIIIZZXZZZ": 1.819628307850719e-43,
    "XZIZIXZZYIZZZIZZZIZZZXZIZIIIII": 1.3065198982099095e-56,
    "YZZZZZXZYXZZXIIIIZZZZIZZZZZZIX": -3.897323739441364e-83,
    "ZIIIZZZZIZZZIZIIZIIIZIZIZZIZZZ": -0.7809406303153571,
    "ZIXZXZIIXXZZIZZIZXZZZZXZXZIIZI": -1.0982231789966235e-68,
    "ZIZZIZZZIIZZXZYIIZIZZIXIYIIIZI": 0.10824614553539814,
    "ZIZZZZZIZIIZIIIZIZIIZZZIZIZZII": 0.8347391856101707
}