{
    "IZIZYXZIIIZZZZYIIZZIZZIYIIIXZZIZZIYZZZZZXZZIZIII": 1.465694756833944e-80,
    "IZZIXIIZZIZZXZZIZIIZXIZZZYIIZZZZZZZZZIZIIIZZXZZI": 9.649659312455987e-67,
    "IZZIZIIZZYZIIIZZYYZYZZXZZZZYZZZZXYIZIIIZZZZZZIZI": 1.3320475725888378e-91,
    "IZZZIZZZZZZIZZZZZIYIIZZXZZYZZZZZZZIIIZIZZZZYZXXZ": -1.3584404604816981e-64,
    "XIZZIIYZIYIIYIZZYIZYZZZZZZIIIXZZIZZZZIIZZZXZZIZX": 1.5154427616039713e-110,
    "XIZZZZYYZIZZZIIZXZZZIIZZIIZIZZZZZZIZZZYZZYIZYIZX": -1.9036650465621784e-80,
    "XXZIZZIIZIYIYZYYZXZYYXXIZIIXZXIXXZIZZZZIZIZYIIIZ": -9.514545440909211e-176,
    "XZIIZZIXZZZZIYZZZYIXZZIIZZIIZZIIYIIXXZZIIZZZYZIZ": -1.0257628771277129e-82,
    "XZZIIIIZZZIIIYZZZIZYIZZIIZIIXZXZZIZXIIIZIIXZYZZZ": -5.632923359212105e-56,
    "YIXZZZZXIYZZIIZZIZZXZXZXIZZZZZYZYZXZZZZXXIZXZZZY": -1.1636153062468424e-123,
    "YZZIYZIIZZZIZIZZZZIYIYIXXZXYZZIXIZZZZZZIYIIZIIXZ": 1.0187436230763499e-128,
    "ZIYIIZZZXIXZZIIYZZZXZZZIIZIIZXIZZIZIIZZIZZIZYZIZ": -8.88293126742683e-84,
    "ZIZIZIXIZYIZXZZIZZYXZZZIZXIIZZIXZZXZZZZXZXXIIZII": 7.774907033749238e-99,
    "ZZIIZYXZYZZIZIZXXZIZZZZZZZIIZZZZIZZIZIIIZIIZZIZX": -1.959340786843226e-79,
    "ZZZYIIIXXYZZIIZZZYZIZZZZZZZXYZIYYZZXZZIIIZIZZIZX": -7.136057422097337e-106
}