{
    "IIIIIIZIIIIIIIZIZZIZIZZIZZIZIIZZIIZIII": 0.8682602812650253,
    "IIIIIIZIZIIZIIIIIZIIZZZZZIIIZZZIIZZIIZ": 0.841162366223759,
    "IIZIZZIIIZIIZIIZIZIIIIIIIIIIIZIZZIIZZZ": -0.8428635564674007,
    "IZIZZZZIZZIIIIZIZZZZZIZZIIZIYZZXZYZZXZ": -0.1454544118140038,
    "IZZZIIZZXZZXZZYZIIXZYZIIIIZIIZIIIZYIZI": -3.907643588210946e-81,
    "IZZZIZIZZIZIZZIZIIZYIYXZXZXIZYZIZIZZIZ": -5.431866834864709e-42,
    "IZZZZIIIIZZIIZIZIZIIZIIZZIYIZIZYIXXZZI": -0.2905879012429268,
    "YXIXIZIXXIIZIXZZZIZXZIZIZIZZZZZIXZZZIY": -1.0468524913529001e-109,
    "YYIIZXZXIYZXZZZZIIIYZXZXYXIZZZZZZYXXII": -2.4968993568397325e-121,
    "ZIIZIIIZZZIZZZIIIZZIZIZZZZIXIZIXIYIYIZ": 0.15195173600975234,
    "ZIIZIZIIZZZZZZIIIZZIZZZZIZIIIZZIIZZIZZ": 0.825097427776748,
    "ZIZZIZIZZIZZIZZZZZZZZIIZZZYYZZZZZZXXII": 0.06443085832853608,
    "ZIZZZIZZXXZXXZZZIZZZZIIIZIZIYZXZZIZZII": 1.84116145956584e-68,
    "ZZIIIIIZIZIZZZIZZIZIZZZZIIZZIIYXYXIIZI": -0.4224168103731286,
    "ZZIZZZIZZIIZIZIIIIIIIZIZIZIIIIIZIZIZII": -0.90659644816869
}