{
    "IIIXZIYIIIYIZIIIZYIXIXXXIIYZIIXXXIII": -0.0566334954983473,
    "IIXXIZYIIZZIIXZZZYXXXIIIIIYYIIIXXXII": -0.0161543347127396,
    "IIYZZZIIIYXIZXYZIZIYIIXXXIXXXXXIIIII": -0.00079423785738863,
    "IYXYIXXIXIXXZIXXZIZIIIXZXXZIXIXIIIIZ": 6.321838381726119e-19,
    "IZXZIZZXZYXIZZZZYZXXIXIXIXZZXXXIXIXX": 0.03150622540931284,
    "XIIZIIIXYXIZXIIYYIIIIIIXIXIXZIXXXIIY": -1.632983968463232e-27,
    "XIIZXIXIXIZIXIYIXIIXZIXIIYXXIYZZYYZX": 5.512119042458518e-25,
    "ZIIIIXIXXYXIYIIZIIIXIXIYIYIZZXZYIIXX": 6.000817260539248e-12,
    "ZIIIXXYIIZIIIIIIIIIIYZIYIXXIZIZIXXXX": 1.8862896179121e-09,
    "ZIIIZZZZZIZZXIIIYYIXXXXXIIYYIIXXIXII": -0.028166475002359557,
    "ZIIXZZZIIZIIIXZIYYIIIIIXIXZZXIIIXXXX": -0.1149047605751645,
    "ZIXXZXIXZIYZZZIZYXZIIXIXIIZZIXIXIIIX": 0.008637091735273703,
    "ZZIIZIXYIXYZIZZZIIXIXXIXXIYYXIIXIXXI": -0.01510992832745639,
    "ZZXYZZIIIXYZIZZZXIIIXIIIIIZZXIIIXIXI": -0.024034925834112656,
    "ZZYZIZIIIIIIZZZZYZIXIXXIIXIIXIIIXXXX": -0.05350058975228734
}