{
    "IIIIIIIYIZYIXIZIIZIXXZXYYIZXZX": -8.637372730252928e-60,
    "IIIIZZZIZZXXIIXXXIIIIXXIXIXXII": 0.8194454178403253,
    "IXIIIXIIIIIYIIYYXZXIXXIIZXIIII": 4.0820547577784594e-22,
    "IZIIIZIIXIXIXIXIXIXIYIIIIXXXXX": 0.3386217267451346,
    "IZIIIZZZZIXIIXXIIXIXIXXXIXIIII": 0.7436184612238094,
    "IZIIZZZZZIXXXIIXIXXXXXIXIXIIIX": 0.7490282115118859,
    "XXIYZZYZIIXXIIYXXZZIIIIZIIIYZZ": 7.160884361247435e-84,
    "YIXIZIIXIXXIZXIIZIIXZZXXIIXIXI": -1.0881253307871338e-28,
    "ZIXIIIIZZZXIXIIXIXIIXXXIIXXXXX": -0.27532889199119265,
    "ZIXIZIIZIZIIXIIIIIXIIXXXIIIXXX": -0.28531557164916777,
    "ZIZZIZIZZZXIIXXXXIIIIIXXXIXXXI": 0.6507406876677555,
    "ZYIIXXIXZIXIXXXIIZIIIIIIIZXIXI": 1.351850609428403e-42,
    "ZZIZZIIZXIXXXIIXIIIXIXIXIXIIXI": 0.2369274251357057,
    "ZZZYIIIIZZYXZIIXXXIIXIIXXXXIXI": 0.006118955254982095,
    "ZZZZZZIIZIIXIIIIIXIXIXIXIIIXXI": 0.7203382154023396
}