{
    "IIIIYXZIIIXIXIIIIXXZIXYIZZYI": 1.1606738590520465e-79,
    "IIIZZXZIIIIXXXXXXXXXXXXIXXXI": 0.3415248634255712,
    "IIXXIIIZIXIIIYZXIZZXXIIYIIYZ": -1.1114835027827161e-96,
    "IZIIIIIZXXIXXXIXXXIXXIXXXIII": 0.9251046933541058,
    "IZZIZIZZIXXIXIXIXIZZIXIIXIXI": -1.276839126488701e-30,
    "IZZZIYZXIIXXXIIIIIIZXXXIIIXI": 2.6539382648032273e-31,
    "XIIZIIIZIIIIXXXIIIXIIIIXXIII": -0.21024382442533573,
    "XXZYXIXYXIIZIZXIZXIIIXXIXIXY": 1.6155034963935373e-89,
    "YXZIZIIIIYZXXIIIIXIXIIXXIIIX": 3.2070661670302267e-46,
    "YZYIIZXIIYIXZIXYXZXXZIXXIIXY": 3.095389685064313e-120,
    "ZIIIIYZIIZXIIXXIIIIYYXZIIZIX": -3.526522797296766e-65,
    "ZIIIZXYZIXIIXXIIIIZZIZIIIIIX": 1.184311818975605e-60,
    "ZZIIZIXIXXXIIIXXIIIXXXIXIXII": -0.2872412021414283,
    "ZZIZIZZIIXIXIXXIIIXIIXIXXIXX": 0.79440219910218,
    "ZZYIZIIIXZIIIIIIIXXIXIXXXXII": -1.2102822513477829e-30
}