{
    "IIXIIZXZYZZIYXZZIXIYIYZZXZZI": -9.907350426638337e-53,
    "IZXIZIXXZZIXZYZIXXIZIXXXIXXZ": 4.275647608989925e-39,
    "IZXXXXZXXYIXIIXXZYZIIXYXXIII": 2.471649039828397e-40,
    "IZZXXZYYZXZXZZYZZXZYZIIZZZIZ": -1.3512859853849391e-37,
    "XIZIZIZIZIXXYXZXIXXXZIYXIIIZ": -3.884903112521571e-52,
    "XXXZZZIZIZXIIXXIYZXZIXZZZXXI": 3.644778094795693e-53,
    "XZXZIZIIIXIIXZIIXXIZXXZIYIZZ": -8.623095684094605e-55,
    "XZZIIIIZXZZIZXXZZZXXXZXZYZXX": -1.8720432363984482e-51,
    "YIXIIZXYXXZZIIXZXXZIIZIYIZYY": 1.8174800028626938e-49,
    "ZIXXIXXZZZXIZZZXYXXZIXXZYZXZ": 1.628506298339134e-52,
    "ZXXIXIXZXZIXIZXIXZIXIIZIIXZX": 5.048324535992538e-52,
    "ZXXYXZIXIZZZYIXXZXXZIZXXZXYZ": 1.616303307082818e-53,
    "ZXZXZIXIIZXZXZZXZYZXIXZXXXZX": -1.0799378894537564e-52,
    "ZYYZYIXIIIZIZZIZZYIXIXZXXZZZ": -7.934738670385159e-22,
    "ZZXZXXIZIIIIIIXZYZYZXXYIZYIX": 2.8659234307224534e-40
}