{
    "IIIIZIZZZIIIZZZZIZZIIZIZIZZIZZ": -1.0000000000000007,
    "IIIZZIZIIIIIZZIIZIIIZZIZZIIZZZ": 1.0000000000000007,
    "IZIIIIZIIZIZIZIZZZIZIZZZIZIZIZ": 1.0000000000000007,
    "IZIIIIZZIIIIIZIIZIZZZZZZIZZZZZ": -1.0000000000000007,
    "IZIIZZIZIIZIZIIZZIZIZIIZZZIIZZ": 1.0000000000000007,
    "IZIZZIZIIIIZIZIIIZZIIIIIIZZZII": 1.0000000000000007,
    "IZZIZZZZZIZIZZIZIZIZZZZZZZZIIZ": -1.0000000000000007,
    "IZZZZIZIIZZZZIZIZIXZIIZYZIZIZZ": -3.5603735218414184e-27,
    "ZIIZXZXIZIZZZZZZIZYXZXIYIIIIYI": 1.2062538709176871e-96,
    "ZZIIZIZZIIIZZZZZZZZIZIIZIZZIZI": 1.0000000000000007,
    "ZZIZZIYZZIIZIYXZZIXZYZXZZZZYZZ": 9.083940499108609e-95,
    "ZZXYZZXZZIZZYIIZIYIIYZZIXZZIXZ": 8.269738696971083e-109,
    "ZZZIIIIZIIZIZZIIIIIIXXIZYYZZIZ": 1.3282277820012315e-56,
    "ZZZZIIZZIIZZIIIZZZZXXZIXXIZIZI": 3.689381652706248e-54,
    "ZZZZIZIIZYIIIIZIZIZYIZZIIZIIIZ": -2.444829049824363e-26
}