{
    "IXXIXZZXZZXZYYZYIYXZZYZZIIIZXIIIIIIZIZZIZI": -1.1298468742595425e-151,
    "IYYYZXIZZZZZZIIZZZIZZZZIYIZZYYIYIZIZZIIZZY": 3.344019658360628e-122,
    "IYYZIIZYZIXIZZIIYZZZZZXZZZZZYZIYXZZZZZZXIZ": 2.9815385172147185e-131,
    "IYYZYYZYZZIZZIIZZYIXZXIZIZZIZYIXZZZZYZIIIZ": -6.026761633192082e-141,
    "IYZIZIIIIIXZIIZYIZIYZZYZZZZIIIZZIIIYZIZZXZ": 1.9053715889595992e-88,
    "IZIZZIIIYIZZIIZZZIZIZXZZYZIIZIZYIZIZIZZIXZ": -1.6505570861635527e-66,
    "IZIZZZIYXZZZZYIZYIIXZYZIIZIIZZIYZYZZIZZIZZ": -1.5899979556465984e-101,
    "IZXIZYZZZIZIZZZZZZIIZYIZIZZIIZZZZZXIZIIZZI": -1.8726711735838417e-52,
    "XIZZXZZZIIZYXZZXZIIYZIIZIZZZIZZZZYZZIZYYZI": 1.2389439582068135e-117,
    "XZZZIZZZIZIZZZZZZZIIZZZZZIZIYIZZYXZZZZZIZZ": -6.111017635044944e-54,
    "YZIZZZXZIZYZXZIYZZZIZZZZZIZXZYIIIIYIZIIXIY": -2.7797165724499214e-132,
    "ZIIIXZZZIZZZZIZZZXIIIYZZIZYIIZIZIZIZIZIZYZ": -1.0596915827044098e-64,
    "ZYZZZIZIXIIZIIIZZIIIIZXIZXIZIZYZZXZZZIZZYZ": 2.2707933184802737e-92,
    "ZZIYZZYZZIXZZZZZZZIIZZIYIYZIZIZIIIZZZXIIZZ": 1.6262447637191616e-80,
    "ZZZIZZXZYIIZZIZZIIIZZZZYZIZZIIZIYIXYZYIZZZ": -1.7044943022200447e-92
}