{
    "IIIIIIZZIIIIZIZZIIIIIZIZIIIIII": 1.000000000000001,
    "IIIIIZIZZZIZZZZZIIZZIZIZZZIZZZ": 1.000000000000001,
    "IIIZZIIIIIZIZIZIIIIIIZZIZIZZIZ": 1.000000000000001,
    "IIIZZIIIZZIIZIIIZZZIIZZZZZZZZZ": -1.000000000000001,
    "IIZIIIZZZIZIIIZZZIXZZXIXXIIIZZ": -4.564956382398183e-65,
    "IIZZZIZIZIZIIZIIIZZZIZZIIIIIZZ": -1.000000000000001,
    "IYXIZXIZZZZYIIIIZZIYIZZZYIZXXI": 2.4153343943200218e-113,
    "IZIZZZZIZZZZZIZIZZIIZIIIIZIZIZ": 1.000000000000001,
    "IZZXZZIZZYZIZIZZZYIZZIIIZZXZZZ": 2.233986151544834e-55,
    "XZIZIXZZYIZZZIZZZIZZZXZIZIIIII": 1.2738977111812414e-63,
    "YZZZZZXZYXZZXIIIIZZZZIZZZZZZIX": 1.8718317458595126e-88,
    "ZIIIZZZZIZZZIZIIZIIIZIZIZZIZZZ": -1.000000000000001,
    "ZIXZXZIIXXZZIZZIZXZZZZXZXZIIZI": -6.009366003879446e-116,
    "ZIZZIZZZIIZZXZYIIZIZZIXIYIIIZI": -2.3589899050593857e-62,
    "ZIZZZZZIZIIZIIIZIZIIZZZIZIZZII": 1.000000000000001
}