{
    "IZIZYXZIIIZZZZYIIZZIZZIYIIIXZZIZZIYZZZZZXZZIZIII": 1.1002327806906802e-94,
    "IZZIXIIZZIZZXZZIZIIZXIZZZYIIZZZZZZZZZIZIIIZZXZZI": -3.562192584428848e-65,
    "IZZIZIIZZYZIIIZZYYZYZZXZZZZYZZZZXYIZIIIZZZZZZIZI": 6.0347522955889796e-102,
    "IZZZIZZZZZZIZZZZZIYIIZZXZZYZZZZZZZIIIZIZZZZYZXXZ": -2.515551661683037e-78,
    "XIZZIIYZIYIIYIZZYIZYZZZZZZIIIXZZIZZZZIIZZZXZZIZX": 1.332715186672392e-118,
    "XIZZZZYYZIZZZIIZXZZZIIZZIIZIZZZZZZIZZZYZZYIZYIZX": -1.1808142724979438e-105,
    "XXZIZZIIZIYIYZYYZXZYYXXIZIIXZXIXXZIZZZZIZIZYIIIZ": -3.188319068437741e-209,
    "XZIIZZIXZZZZIYZZZYIXZZIIZZIIZZIIYIIXXZZIIZZZYZIZ": -1.1245767015862515e-116,
    "XZZIIIIZZZIIIYZZZIZYIZZIIZIIXZXZZIZXIIIZIIXZYZZZ": 1.513194337566201e-107,
    "YIXZZZZXIYZZIIZZIZZXZXZXIZZZZZYZYZXZZZZXXIZXZZZY": -3.421700701274043e-184,
    "YZZIYZIIZZZIZIZZZZIYIYIXXZXYZZIXIZZZZZZIYIIZIIXZ": 5.595747904760043e-147,
    "ZIYIIZZZXIXZZIIYZZZXZZZIIZIIZXIZZIZIIZZIZZIZYZIZ": 8.138503521183284e-92,
    "ZIZIZIXIZYIZXZZIZZYXZZZIZXIIZZIXZZXZZZZXZXXIIZII": 6.651816772586565e-143,
    "ZZIIZYXZYZZIZIZXXZIZZZZZZZIIZZZZIZZIZIIIZIIZZIZX": -4.991319226252579e-78,
    "ZZZYIIIXXYZZIIZZZYZIZZZZZZZXYZIYYZZXZZIIIZIZZIZX": -1.2227332238976391e-142
}