{
    "IIIIZZIZIZIZZIZZIZZZZZZZZIIXXZXIIXIZZZ": -1.2148021878770558e-54,
    "IIZZIIIZIZIZZZZIIIZZZZZZIIZIIIIIIIZZZI": -0.9999999999999987,
    "IZIIZIIIZIZIIIIZIZIZZZZIXIIIXZXZIZXIZI": 9.247098597869421e-55,
    "IZIZIZZZIZZZZZZZIZIZIZZZIIIIZIIIZIZZIZ": 0.9999999999999987,
    "IZXZXIZZIYXXZZYXYYZIXIZYYIIZXZXZZIZIZZ": -8.592287414377807e-189,
    "IZZIZZXIZIZYIIIZZZIZIZZYXZXIIZZIIZIIZI": -6.400295123381917e-67,
    "XIZZZYZIZYIIIZIIIZZIZXYZXZZZIZXZIZIIII": 2.9865147806886486e-95,
    "ZIIZIZZZZZZZIIIZIIZIZZZZYIZZXZXIZZYIZZ": -7.309824670054546e-55,
    "ZIIZZZZIZZIZIZZZIZZZIIZZIZZIZZIZZIZIZZ": 0.9999999999999987,
    "ZIZZZZIIZZZIIZZIZIZZIIIIZZIZIZZZZZZIIZ": -0.9999999999999987,
    "ZYZIZZXXIIIZIZIZIIIIZIZZZYXZZIYIIZZIIZ": 1.995533966273795e-83,
    "ZZIIZIZZZIIIIIZIIZIIZZZZZZIZZIZZZIIIIZ": 0.9999999999999987,
    "ZZZIIZIZZZZZZIZZZIZZIZZIIZZZZZZIIZZIII": 0.9999999999999987,
    "ZZZIZXYYYIIIYZIZIYZZXIZIZIZYXXYXZIIXXZ": 1.696200140936942e-191,
    "ZZZZZIZIZIZZZZZIIZIZZIZIIZZIZIIZIIIIII": -0.9999999999999987
}