{
    "IIIYIZXZIYZYZIIIXIIIIIXXZXYXXIXXIX": 0.019311869856931254,
    "IIXIIIXXXXZXXZIIXXIIZIIIXIIXIXXIIZ": -1.4440786028274671e-09,
    "IIXIIZYZIYZXYIYYIIXXIIIIYZXIXIIIXX": 0.01660264686269439,
    "IIXXXZIYZIXZYZXZIIXIXXXXXIIIIYZIYX": 1.2861705571588401e-17,
    "IIXXZZIZIZIIZZYXYXXIXIIXYYIXIXXIXX": 0.03088525288910682,
    "IIZIIIZXXZZZXIZYXIXIIIIXYZXIXIIIIX": -0.031457633166955934,
    "IZIYIXIIZXZZZZZYIIIIIXXXZZIXXIXIXX": -0.009373022310115062,
    "IZXZZZIZYZZZZZYZXXXIIIIIZZXXXIIIXX": -0.05611138684821524,
    "XIIYXXIYIXIXXIIIIXZXYYZIIXIYZXYXYX": 1.0902853621630997e-17,
    "XXXXIXZZXIYXIIZZZXIXIIIXIZIZXIIZII": -2.1253246743894124e-19,
    "XYIYXIXIYZIIIZIIIZIXXZZIIXIIZIYIXZ": 5.145791599899661e-15,
    "ZIIIZZXZIXZXZZIXIIXXIXIIXIXXXXIIXI": -0.03142869364759597,
    "ZIZXIZYYIZZIIIZZXXIIXIIXXXXIXIXIIX": -0.06773482553935982,
    "ZYYXIZZZXIZIYZXIXIIIIIXIYZXIIIXXIX": 0.0052339234166178875,
    "ZZIXIZZIZYZZIZZYIXXXIXXXIXIIIXIIXX": -0.03542849700660324
}