{
    "IIIXIIXXXZXIIXIXXIXZIXIIIZZIZXIZZI": -1.0328421797459912e-19,
    "IIIYZZIIZYYZXXYIIIIIIIIIXXIIIXIXXI": 0.009993551208802517,
    "IIIZIZZZIZXZZIIXIIXIXIXIIIXIIIIIXX": -0.28223534085799407,
    "IIIZZZZZZZXZZYIIXIIIIXXIYXXIXXXIIX": 0.21779354908378604,
    "IIZYXXXIIIYIIZIXZXIZIXYIZIZXZYIIZI": -2.446802729528338e-18,
    "IIZZZIIIIZIIIYXIXIXXXXIIYIXXXIIXIX": -0.2283600394472105,
    "IXIZIXXIZIZZIXXIXYXIIXYIZXYXXXIIZI": -1.6888716292148948e-12,
    "IXIZIXZXYIIIXIXXXXXXZXXIIXZIIXIIIX": -1.4200119768851785e-09,
    "IXZZIIZYIIIZIYIIIXXXXXXXZIXXIIXXXX": -0.0002986421680990003,
    "IZXIZZIZIZXIIXXXIIXXXIIXXIXXXIXXXI": -0.06846554318510818,
    "XXXIIZIIXIZIXYIIIIZXXIXIZYZYXXZXYX": 3.2928319894082725e-13,
    "ZIIZZZZIIIZZIIIXXIIIIIXXIIIIIIXXII": 0.17291032911376913,
    "ZIZZIIIYZIIIIZXIIXXIXXXIXYXIIXIXXX": 0.17606463150204055,
    "ZIZZZZIZZZIZZXXXIIIXIIIIIXIIIIIIII": -0.2449893486629689,
    "ZZZZIZZYZZIIIYIIXXIXIXIXZIXIXIXIII": 0.19178776123642582
}