{
    "IIIIIIZZIIIIZIZZIIIIIZIZIIIIII": 0.8505463410861276,
    "IIIIIZIZZZIZZZZZIIZZIZIZZZIZZZ": 0.8361587411235606,
    "IIIZZIIIIIZIZIZIIIIIIZZIZIZZIZ": 0.794946873629923,
    "IIIZZIIIZZIIZIIIZZZIIZZZZZZZZZ": -0.7091667122917685,
    "IIZIIIZZZIZIIIZZZIXZZXIXXIIIZZ": 0.17688961520428592,
    "IIZZZIZIZIZIIZIIIZZZIZZIIIIIZZ": -0.8127617138853174,
    "IYXIZXIZZZZYIIIIZZIYIZZZYIZXXI": -1.6433235003334489e-56,
    "IZIZZZZIZZZZZIZIZZIIZIIIIZIZIZ": 0.7072463615123895,
    "IZZXZZIZZYZIZIZZZYIZZIIIZZXZZZ": 1.4000616547093058e-28,
    "XZIZIXZZYIZZZIZZZIZZZXZIZIIIII": -4.3778103110449105e-44,
    "YZZZZZXZYXZZXIIIIZZZZIZZZZZZIX": 1.5273875520088641e-31,
    "ZIIIZZZZIZZZIZIIZIIIZIZIZZIZZZ": -0.6883761268066687,
    "ZIXZXZIIXXZZIZZIZXZZZZXZXZIIZI": 1.3761342778309348e-43,
    "ZIZZIZZZIIZZXZYIIZIZZIXIYIIIZI": 0.07955873252938613,
    "ZIZZZZZIZIIZIIIZIZIIZZZIZIZZII": 0.7113120146682067
}