{
    "IIIIZIZZZIIIZZZZIZZIIZIZIZZIZZ": -0.64277085981518,
    "IIIZZIZIIIIIZZIIZIIIZZIZZIIZZZ": 0.6557128028091157,
    "IZIIIIZIIZIZIZIZZZIZIZZZIZIZIZ": 0.7321985643999628,
    "IZIIIIZZIIIIIZIIZIZZZZZZIZZZZZ": -0.7011238564294006,
    "IZIIZZIZIIZIZIIZZIZIZIIZZZIIZZ": 0.703797949567285,
    "IZIZZIZIIIIZIZIIIZZIIIIIIZZZII": 0.6898684515255049,
    "IZZIZZZZZIZIZZIZIZIZZZZZZZZIIZ": -0.7120772786837309,
    "IZZZZIZIIZZZZIZIZIXZIIZYZIZIZZ": 3.103655945144197e-14,
    "ZIIZXZXIZIZZZZZZIZYXZXIYIIIIYI": -4.983200697496053e-29,
    "ZZIIZIZZIIIZZZZZZZZIZIIZIZZIZI": 0.8034999853014757,
    "ZZIZZIYZZIIZIYXZZIXZYZXZZZZYZZ": 1.2406995151089784e-16,
    "ZZXYZZXZZIZZYIIZIYIIYZZIXZZIXZ": -3.349176921620468e-42,
    "ZZZIIIIZIIZIZZIIIIIIXXIZYYZZIZ": -0.18688822145842124,
    "ZZZZIIZZIIZZIIIZZZZXXZIXXIZIZI": 0.21923159962048852,
    "ZZZZIZIIZYIIIIZIZIZYIZZIIZIIIZ": -3.249724869582073e-14
}