{
    "IIIIIIZIIIIIIIZIZZIZIZZIZZIZIIZZIIZIII": 0.7759544768900547,
    "IIIIIIZIZIIZIIIIIZIIZZZZZIIIZZZIIZZIIZ": 0.7541657591277383,
    "IIZIZZIIIZIIZIIZIZIIIIIIIIIIIZIZZIIZZZ": -0.7609596462856754,
    "IZIZZZZIZZIIIIZIZZZZZIZZIIZIYZZXZYZZXZ": -0.12119892430574435,
    "IZZZIIZZXZZXZZYZIIXZYZIIIIZIIZIIIZYIZI": -4.690359304212063e-44,
    "IZZZIZIZZIZIZZIZIIZYIYXZXZXIZYZIZIZZIZ": -1.4043515131154308e-17,
    "IZZZZIIIIZZIIZIZIZIIZIIZZIYIZIZYIXXZZI": -0.2354837292835562,
    "YXIXIZIXXIIZIXZZZIZXZIZIZIZZZZZIXZZZIY": -2.0923855925678836e-97,
    "YYIIZXZXIYZXZZZZIIIYZXZXYXIZZZZZZYXXII": -7.447752780837808e-100,
    "ZIIZIIIZZZIZZZIIIZZIZIZZZZIXIZIXIYIYIZ": 0.06211654833698533,
    "ZIIZIZIIZZZZZZIIIZZIZZZZIZIIIZZIIZZIZZ": 0.7671086125009758,
    "ZIZZIZIZZIZZIZZZZZZZZIIZZZYYZZZZZZXXII": -0.055496685985907825,
    "ZIZZZIZZXXZXXZZZIZZZZIIIZIZIYZXZZIZZII": -6.678743777570677e-69,
    "ZZIIIIIZIZIZZZIZZIZIZZZZIIZZIIYXYXIIZI": -0.41365506081136716,
    "ZZIZZZIZZIIZIZIIIIIIIZIZIZIIIIIZIZIZII": -0.8557616529245118
}