{
    "IIIIZZIZIZIZZIZZIZZZZZZZZIIXXZXIIXIZZZ": -0.2182975787334426,
    "IIZZIIIZIZIZZZZIIIZZZZZZIIZIIIIIIIZZZI": -0.5330495578714388,
    "IZIIZIIIZIZIIIIZIZIZZZZIXIIIXZXZIZXIZI": -0.2085866664183962,
    "IZIZIZZZIZZZZZZZIZIZIZZZIIIIZIIIZIZZIZ": 0.6444001928234924,
    "IZXZXIZZIYXXZZYXYYZIXIZYYIIZXZXZZIZIZZ": -7.167334233174381e-101,
    "IZZIZZXIZIZYIIIZZZIZIZZYXZXIIZZIIZIIZI": 4.5581772803988343e-41,
    "XIZZZYZIZYIIIZIIIZZIZXYZXZZZIZXZIZIIII": 2.773990425173504e-56,
    "ZIIZIZZZZZZZIIIZIIZIZZZZYIZZXZXIZZYIZZ": 0.10025785994859707,
    "ZIIZZZZIZZIZIZZZIZZZIIZZIZZIZZIZZIZIZZ": 0.5340123883650888,
    "ZIZZZZIIZZZIIZZIZIZZIIIIZZIZIZZZZZZIIZ": -0.621749422310181,
    "ZYZIZZXXIIIZIZIZIIIIZIZZZYXZZIYIIZZIIZ": -1.5337444095756815e-54,
    "ZZIIZIZZZIIIIIZIIZIIZZZZZZIZZIZZZIIIIZ": 0.754886126770292,
    "ZZZIIZIZZZZZZIZZZIZZIZZIIZZZZZZIIZZIII": 0.6024156857573528,
    "ZZZIZXYYYIIIYZIZIYZZXIZIZIZYXXYXZIIXXZ": -3.724030730985857e-85,
    "ZZZZZIZIZIZZZZZIIZIZZIZIIZZIZIIZIIIIII": -0.626376342787961
}