{
    "IIIIIZZIIZIIZZZIZZZZZIZZZZIIII": 0.9458305482366921,
    "IIIIZIZIIZZZZZZZIZZIZIIIIZIZII": -0.951522538851454,
    "IXYXZZZIZIIZIZXXZZXZIXZZIZIZII": 4.8843798658117425e-57,
    "IZIIZIZIZZZZIZZZIIIZZZZIIZIZZI": -0.9514303513112424,
    "IZIZIIZIZIIIIZZZIZZZZIZIZIIIZZ": 0.9617895870328979,
    "IZIZIZIZIIZIIZZZIZIIZZZZIIZZII": -0.9549316624426902,
    "IZZIIIIIIZIZIZZZZZIZIZIZZZZZZI": 0.9513698720802707,
    "ZIIZZIZIIIIIZZZIIIIZZIIIZIZIZI": 0.9548144516066108,
    "ZIZZIIZIZZIZIIIIIZZIIZZIIIIIIZ": -0.9449295045200059,
    "ZIZZZYZZZZIIZIIZZZZYZZZZZZZZZI": 7.38027809951876e-16,
    "ZZIXIXZXIIYIXZIZXXXZZZZZIIZZZI": 4.85974053989641e-38,
    "ZZIZIIZZZZZZZZZZIZIIIZIZZIIIZZ": 0.9459042148762954,
    "ZZIZXZIIZIYZIYYZZZIYIIZYIIYZIZ": 5.442416812505838e-22,
    "ZZIZZZIZIZZIIZZIIIIIIIZIZZZZZZ": 0.9512825444582991,
    "ZZZIZZZIIIXIZXZZZZZIZZIZIIZXZZ": -1.5071737778081096e-13
}