{
    "IIYYYIZZZXZIIZIZZZIZYIZIZIZZZZZIIIIIXZZY": -1.3984225876466547e-42,
    "IIZZYZYIYXIZZXXZZYZZZZIZZZYZZZZIZXYYIIYX": -9.323747595655149e-46,
    "IZIIZZIIYZIIXZXIZZZZZZIZZIIYIIYZIZIZZYZI": -2.767411590527603e-10,
    "IZZZXZZIIYIIIIIZZIZIZYZIZYZZYZIYZZIZYZXZ": 4.526540391387569e-32,
    "ZIZZZZZZYZZIZZIZYZZYZYZZIZZIIZZZZZZIZYZI": -4.052979235586033e-15,
    "ZXXIYZZIZZZZYZIIZIIZIZZIZIIZZZXXZZXZZZZZ": -5.932985593408519e-53,
    "ZYIZXIIZXZZZYZIYZZIXZZZIIIZZZIIZYZIZIZZI": 2.0993960177271254e-46,
    "ZYZIZXZIZIZIZIYIIIZIIIZXIIIIZXIYZYZZZZZX": -1.7533690822401872e-40,
    "ZYZZIIIZZZIZIZIXIIIZYZIXIIZIZZZXIYIZIZIY": -1.1263820701011977e-26,
    "ZZIIZIZXYZZZIZYIZIZZIZZZYXZYXYIIZIZZYYXZ": 2.0831242565431163e-34,
    "ZZIZZZZIZIIZIZXZZIZIZXZZYZIIZIZZXZZZIZZY": -3.3929106411662586e-16,
    "ZZXIXXIYYXIZIZIZZIXZIZZZZZZIIIIIZZIIYZZX": -1.2018501452721795e-69,
    "ZZYZXXZZZZZZZXZIZZYXZZZIXZZZZZZYZXZZIXII": 1.1820338250217019e-60,
    "ZZZIZIZIZZZYIIZZXIZIXXXZIYYZZZIIIIXZYZZZ": 4.819588753695465e-24,
    "ZZZIZZIIZYIZIIXXIXZZZZZIIZZYZIIZZZZZIZIY": -9.055512284841454e-15
}