{
    "IIIZXIZZZYIXIZZZZYZXZZIZZZZZZIZYZYIIIIZZZY": -5.454029764668153e-29,
    "IIZIIZZIZZIZZYZIZIZZIIZIIZZIXZIYXZIIIZYZZY": -1.3072420597769996e-09,
    "IIZZIIZZZZIZZIZIIZZIZIYIZZXIZYIIZZZZIZZZZZ": -1.306540997862311e-07,
    "IXIZYZZIZIZZZZXIXXYZIIZZIZZZZZIZIIZIZIZZZZ": 1.6028059143799602e-32,
    "IXZIZZZZYIZIZZZYYXZIZIZIZZIIZXZZZZZYZIIZZZ": 5.0376972412452535e-15,
    "IZIZIIZZZIIZIZZZZZZIIXIZZYZYZYXZZZZYIZZIZI": 1.2214004609191127e-12,
    "IZZIZIZZIZIIZYYIIXZXZZXZYYIZIYZIYZXIIZYIZZ": -8.039729820299847e-16,
    "XIXIIZYIZZIIIIZZZIXYYZZYZXXZZIIZZZZIZXIZIX": 1.913218377040731e-54,
    "YZXZIXZIYIZIZZIIIZZZZZIIIZYZZIYIZZIZZIZZZZ": 5.463330987341498e-48,
    "ZIZIZIYXIZZZIZZIYIXZZXZZZIZZZIYIZYZXIZIYYY": 2.1991681046835024e-40,
    "ZIZZXZZZIZYIZIIXZZZYZZZZYZZZZIZZIZXYZZXIYZ": -2.7639518549920716e-30,
    "ZXIZYZYZZYXZIZIZIZYIZIZZZIYYIIZZXYYXZXYXII": 3.8326040886948133e-50,
    "ZYZZXZYZIZYZZIIIZZZZZZIIZYXZZZXIZIZZZZZZYI": -6.420685490626157e-43,
    "ZZIXZIXXZZXYZIIIZXIXZZIZZIIZXXIIZZZZIIZYZY": -4.535645281135309e-48,
    "ZZZZIZIYYYZZZZIZZZYIZIZIZIYZZIXZIZIIZZIZIZ": -8.518315940557187e-27
}