{
    "IIIIIIZIIZZZIIIZZIZZZZIIIZIIZZIZIIII": -0.9663193697842226,
    "IIIZZZIZZIIIIZZIZZIZIIIZIIZIZIZIIIII": 0.9636108174487502,
    "IIYZZIIZZIXZIZZZZZYYZIZZZZZZZXIXIYIZ": -3.809883677868375e-44,
    "IIZIIZIZIIIIZZIIZIZZZZZIZZIZZIZZZZZZ": 0.9644718400505727,
    "IIZIZIZIZIZIZIIIIIZZIIIIIIIIZZIIIZZZ": 0.97475239411284,
    "IZIIIZZZIIIIIIZZZZIZIZZIZZZZIIZZZIZI": -0.9670301342659187,
    "IZIIZIZZZYZZZZZZIZIZZZIYIZYZZZZZZZII": -5.2306078563270156e-27,
    "IZIIZZZZZIIZIZZIIZIZIIIZIZIZIZIZIZZZ": 0.9648387091670261,
    "IZZIIZZIZZZZZYIZIIIZZZZIIIZIIZIZZIZI": 3.2019754202556963e-13,
    "IZZIIZZZIZZIIIIZIIZIZIZIIZIIIZIZIIIZ": 0.9655279848843045,
    "IZZZIYZIYIIYIZZZZIIIZZZZZZIYIZIYZIZZ": 4.061522277253441e-52,
    "XZZIZIZZZZIZIIIXIZXZZYIYZZZIXIIZZZIZ": 5.057976795084027e-31,
    "ZIIZZZIZIIZZIIZIIZZZIZZIIIIIZIIZIIZI": -0.9705143728562247,
    "ZIZIIIZIIZIZIZIZIZIIZIZZZZIIZIZIIIZZ": -0.9789061256000707,
    "ZZZZIZZZZIZZZZZIIIIIIZIZZIZZZZZIZIIZ": 0.9726161414967118
}