{
    "IXXIXZZXZZXZYYZYIYXZZYZZIIIZXIIIIIIZIZZIZI": 2.8504143610782524e-59,
    "IYYYZXIZZZZZZIIZZZIZZZZIYIZZYYIYIZIZZIIZZY": 1.108099741588946e-60,
    "IYYZIIZYZIXIZZIIYZZZZZXZZZZZYZIYXZZZZZZXIZ": -5.723040116870218e-32,
    "IYYZYYZYZZIZZIIZZYIXZXIZIZZIZYIXZZZZYZIIIZ": 1.262966999158335e-62,
    "IYZIZIIIIIXZIIZYIZIYZZYZZZZIIIZZIIIYZIZZXZ": 2.740183709533633e-20,
    "IZIZZIIIYIZZIIZZZIZIZXZZYZIIZIZYIZIZIZZIXZ": 9.274245440857818e-14,
    "IZIZZZIYXZZZZYIZYIIXZYZIIZIIZZIYZYZZIZZIZZ": 9.253461994898725e-15,
    "IZXIZYZZZIZIZZZZZZIIZYIZIZZIIZZZZZXIZIIZZI": 1.533220638029967e-37,
    "XIZZXZZZIIZYXZZXZIIYZIIZIZZZIZZZZYZZIZYYZI": 1.7263226148790912e-41,
    "XZZZIZZZIZIZZZZZZZIIZZZZZIZIYIZZYXZZZZZIZZ": 6.985420490307357e-28,
    "YZIZZZXZIZYZXZIYZZZIZZZZZIZXZYIIIIYIZIIXIY": -3.3949705493066824e-34,
    "ZIIIXZZZIZZZZIZZZXIIIYZZIZYIIZIZIZIZIZIZYZ": 3.4269654885828603e-20,
    "ZYZZZIZIXIIZIIIZZIIIIZXIZXIZIZYZZXZZZIZZYZ": 2.036735371862865e-23,
    "ZZIYZZYZZIXZZZZZZZIIZZIYIYZIZIZIIIZZZXIIZZ": -7.75959202855684e-19,
    "ZZZIZZXZYIIZZIZZIIIZZZZYZIZZIIZIYIXYZYIZZZ": 1.0804276378963318e-09
}