{
    "IIIYIZXZIYZYZIIIXIIIIIXXZXYXXIXXIX": 0.021211914265164552,
    "IIXIIIXXXXZXXZIIXXIIZIIIXIIXIXXIIZ": -6.925155343493332e-09,
    "IIXIIZYZIYZXYIYYIIXXIIIIYZXIXIIIXX": 0.016505573131364176,
    "IIXXXZIYZIXZYZXZIIXIXXXXXIIIIYZIYX": -2.9511221351256528e-18,
    "IIXXZZIZIZIIZZYXYXXIXIIXYYIXIXXIXX": 0.03250890932616099,
    "IIZIIIZXXZZZXIZYXIXIIIIXYZXIXIIIIX": -0.032982630796702994,
    "IZIYIXIIZXZZZZZYIIIIIXXXZZIXXIXIXX": -0.012020281578682677,
    "IZXZZZIZYZZZZZYZXXXIIIIIZZXXXIIIXX": -0.05834766701177945,
    "XIIYXXIYIXIXXIIIIXZXYYZIIXIYZXYXYX": 2.4918985521692442e-18,
    "XXXXIXZZXIYXIIZZZXIXIIIXIZIZXIIZII": 1.8511318420369473e-19,
    "XYIYXIXIYZIIIZIIIZIXXZZIIXIIZIYIXZ": -4.647741983160831e-17,
    "ZIIIZZXZIXZXZZIXIIXXIXIIXIXXXXIIXI": -0.05120372855142398,
    "ZIZXIZYYIZZIIIZZXXIIXIIXXXXIXIXIIX": -0.08058464553090132,
    "ZYYXIZZZXIZIYZXIXIIIIIXIYZXIIIXXIX": 0.010724440680715833,
    "ZZIXIZZIZYZZIZZYIXXXIXXXIXIIIXIIXX": -0.0464889117971218
}