{
    "IIIXIIXXXZXIIXIXXIXZIXIIIZZIZXIZZI": -2.4629851298927616e-22,
    "IIIYZZIIZYYZXXYIIIIIIIIIXXIIIXIXXI": -0.021634172293596703,
    "IIIZIZZZIZXZZIIXIIXIXIXIIIXIIIIIXX": -0.38619202766053623,
    "IIIZZZZZZZXZZYIIXIIIIXXIYXXIXXXIIX": 0.1835382437521566,
    "IIZYXXXIIIYIIZIXZXIZIXYIZIZXZYIIZI": 9.603489644343775e-22,
    "IIZZZIIIIZIIIYXIXIXXXXIIYIXXXIIXIX": -0.2492967589456577,
    "IXIZIXXIZIZZIXXIXYXIIXYIZXYXXXIIZI": -1.4024141766126095e-14,
    "IXIZIXZXYIIIXIXXXXXXZXXIIXZIIXIIIX": 1.093805435169729e-11,
    "IXZZIIZYIIIZIYIIIXXXXXXXZIXXIIXXXX": -0.12754119504835112,
    "IZXIZZIZIZXIIXXXIIXXXIIXXIXXXIXXXI": -0.12069795308795146,
    "XXXIIZIIXIZIXYIIIIZXXIXIZYZYXXZXYX": -1.3477737934950417e-19,
    "ZIIZZZZIIIZZIIIXXIIIIIXXIIIIIIXXII": 0.2591296999903691,
    "ZIZZIIIYZIIIIZXIIXXIXXXIXYXIIXIXXX": 0.14223177534467665,
    "ZIZZZZIZZZIZZXXXIIIXIIIIIXIIIIIIII": -0.3605138705173771,
    "ZZZZIZZYZZIIIYIIXXIXIXIXZIXIXIXIII": 0.17363869401021817
}