{
    "IIIIIIZXXIXYYXXIXIIIIIXIIXIIXX": 0.08005510319680627,
    "IIIXIZIIXZXXIXIXIIXXXIXXIXXXXI": 0.2022265678932029,
    "IIYYIIZXYZYIIXIIIIXXYZIXIIXIIX": -0.05931433076017701,
    "IIZIXXIIXXIXIZZIIZXZZXIIIXZIIZ": 1.647257743982576e-27,
    "IXIZIIIIIIZIIXXZIXZYIZZIXIIZYI": -6.646251795852437e-27,
    "IXYXZIYIIZZIYIIXXIIXXZXXIIIIXI": -0.006558073840563088,
    "IZIIZIZYXIIXXXIXIIIXXZXIIXIIII": 0.17875392529797646,
    "IZIXIZIIIYXIXXZXXIXIXIXIYZYXII": -7.063566010440195e-09,
    "XYYIZIIYZIXIZXIIIXIIZIZZZZXZZI": -3.6970494379573903e-26,
    "YIIXXZIIXXXZZIYYZXIIXZXZXIIIXX": 6.976789027344849e-10,
    "ZIIYIIZXIZZXXXIIIXXIXIXIXIXIXX": 0.10306053299189363,
    "ZIIYZZYZXZZYIXIIIIIXIYZIXIIIII": -0.04375127937263151,
    "ZIIZZZYZYIZZIIXXXXXIZZIIXXIIXX": 0.062092237309631954,
    "ZZIZIIZZYIXYIXXIIIIIZYXYXXIIXX": -0.010766736994033221,
    "ZZYXIZIXYIIZYIXXIXXXYZYIIXIXXI": 0.05798606958801787
}