{
    "IIZIXIIIIYYYIIIXIXIIIXXIXXXXII": 0.16611970715496063,
    "IZZIZIIIIIZXXIXIXXIXIXXIIXIXXX": 0.26000090635553513,
    "IZZZXZIZIYZZXXXXIIIIIXIIIXXXII": 0.09499145657822332,
    "XIYIXXZXZXZXIXIXIIIIXIXXZXZXII": -1.623678149752415e-18,
    "YIXXXIIZIXIIIIIXZZXYXZZXYIXIIZ": -1.6270936270334058e-45,
    "ZIIIYZZZXZXYIXIIIXIIYXIZIXIIXI": 0.011408432654789663,
    "ZIIXXZZZIYYIXIIXIXXIYXIXXIIIIX": 0.1681028042852163,
    "ZIIYZIIZYIYIXXIXIXIIYXXIIXXIXX": 0.07776483864513965,
    "ZIZXYZZIYYIXIIXIIIXXXXXXXXIXIX": 0.1091455671261481,
    "ZIZZXIXIXIXXXXYXXZYZIIIIIYZXYI": 1.1626195209305056e-31,
    "ZXZXYZZIIZXIIIIXIIIXIZXIIXIIIX": 0.020192624139845714,
    "ZZIIXZIZXXYYIIIXXXXIIIIIIXIIXX": -0.1095578430382467,
    "ZZXIIIIXYIZXZIXZZXIYXXZZXYZZIZ": -2.6084806600760656e-53,
    "ZZYIXXIIIIXXIIIIIIIIZYIZZIYXXI": -1.175494021679543e-10,
    "ZZZIIIZIIYIXIXXXIIIXXYIIXXXXII": 0.2072789607974393
}