{
    "IIIIIIIYIZYIXIZIIZIXXZXYYIZXZX": 9.553429184364625e-39,
    "IIIIZZZIZZXXIIXXXIIIIXXIXIXXII": 0.8465415156574679,
    "IXIIIXIIIIIYIIYYXZXIXXIIZXIIII": 3.465772122598099e-19,
    "IZIIIZIIXIXIXIXIXIXIYIIIIXXXXX": 0.16016379523861024,
    "IZIIIZZZZIXIIXXIIXIXIXXXIXIIII": 0.7610728462044931,
    "IZIIZZZZZIXXXIIXIXXXXXIXIXIIIX": 0.771385379099517,
    "XXIYZZYZIIXXIIYXXZZIIIIZIIIYZZ": 3.17068287440023e-69,
    "YIXIZIIXIXXIZXIIZIIXZZXXIIXIXI": -6.580022583358916e-26,
    "ZIXIIIIZZZXIXIIXIXIIXXXIIXXXXX": -0.2813635189618663,
    "ZIXIZIIZIZIIXIIIIIXIIXXXIIIXXX": -0.2992389618882887,
    "ZIZZIZIZZZXIIXXXXIIIIIXXXIXXXI": 0.727952992892528,
    "ZYIIXXIXZIXIXXXIIZIIIIIIIZXIXI": -2.43682662365042e-22,
    "ZZIZZIIZXIXXXIIXIIIXIXIXIXIIXI": 0.2565125677594832,
    "ZZZYIIIIZZYXZIIXXXIIXIIXXXXIXI": 0.06835432358371754,
    "ZZZZZZIIZIIXIIIIIXIXIXIXIIIXXI": 0.7495324070200262
}