{
    "IIIIIZZIIZIIZZZIZZZZZIZZZZIIII": 1.0000000000000016,
    "IIIIZIZIIZZZZZZZIZZIZIIIIZIZII": -1.0000000000000016,
    "IXYXZZZIZIIZIZXXZZXZIXZZIZIZII": -5.514875479844575e-108,
    "IZIIZIZIZZZZIZZZIIIZZZZIIZIZZI": -1.0000000000000016,
    "IZIZIIZIZIIIIZZZIZZZZIZIZIIIZZ": 1.0000000000000016,
    "IZIZIZIZIIZIIZZZIZIIZZZZIIZZII": -1.0000000000000016,
    "IZZIIIIIIZIZIZZZZZIZIZIZZZZZZI": 1.0000000000000016,
    "ZIIZZIZIIIIIZZZIIIIZZIIIZIZIZI": 1.0000000000000016,
    "ZIZZIIZIZZIZIIIIIZZIIZZIIIIIIZ": -1.0000000000000016,
    "ZIZZZYZZZZIIZIIZZZZYZZZZZZZZZI": -1.7915761358219573e-24,
    "ZZIXIXZXIIYIXZIZXXXZZZZZIIZZZI": 1.3842783820972154e-130,
    "ZZIZIIZZZZZZZZZZIZIIIZIZZIIIZZ": 1.0000000000000016,
    "ZZIZXZIIZIYZIYYZZZIYIIZYIIYZIZ": 5.975691104071318e-91,
    "ZZIZZZIZIZZIIZZIIIIIIIZIZZZZZZ": 1.0000000000000016,
    "ZZZIZZZIIIXIZXZZZZZIZZIZIIZXZZ": 5.602320991136349e-46
}