{
    "IIIIIIZIIZZZIIIZZIZZZZIIIZIIZZIZIIII": -1.000000000000005,
    "IIIZZZIZZIIIIZZIZZIZIIIZIIZIZIZIIIII": 1.000000000000005,
    "IIYZZIIZZIXZIZZZZZYYZIZZZZZZZXIXIYIZ": 7.465440717258021e-93,
    "IIZIIZIZIIIIZZIIZIZZZZZIZZIZZIZZZZZZ": 1.000000000000005,
    "IIZIZIZIZIZIZIIIIIZZIIIIIIIIZZIIIZZZ": 1.000000000000005,
    "IZIIIZZZIIIIIIZZZZIZIZZIZZZZIIZZZIZI": -1.000000000000005,
    "IZIIZIZZZYZZZZZZIZIZZZIYIZYZZZZZZZII": -5.3761743706352213e-36,
    "IZIIZZZZZIIZIZZIIZIZIIIZIZIZIZIZIZZZ": 1.000000000000005,
    "IZZIIZZIZZZZZYIZIIIZZZZIIIZIIZIZZIZI": 2.8088642522685277e-12,
    "IZZIIZZZIZZIIIIZIIZIZIZIIZIIIZIZIIIZ": 1.000000000000005,
    "IZZZIYZIYIIYIZZZZIIIZZZZZZIYIZIYZIZZ": 4.130698385545196e-61,
    "XZZIZIZZZZIZIIIXIZXZZYIYZZZIXIIZZZIZ": -5.220735692118819e-91,
    "ZIIZZZIZIIZZIIZIIZZZIZZIIIIIZIIZIIZI": -1.000000000000005,
    "ZIZIIIZIIZIZIZIZIZIIZIZZZZIIZIZIIIZZ": -1.000000000000005,
    "ZZZZIZZZZIZZZZZIIIIIIZIZZIZZZZZIZIIZ": 1.000000000000005
}