{
    "IXXIIIXXYZZIZZZZZYIXXYIZZIZIZZZXYIY": -4.239459647635827e-62,
    "IXXZXIZYYIIYIXXXXYZYZIXZZZZIIZZZXIZ": -2.5301275063753256e-79,
    "IYIXYZYIXXYXIXXZIYIXXXIZIIIZZZXYIXX": -8.852204326165457e-79,
    "IYIXZXZZXZIZXXZZZXZIXXIZZIZIYZZXIXX": -5.048135717391889e-78,
    "IZXYZZXIXYZZIYIXXXYIXIXIIXIZZIYXZXX": -2.7962761666571324e-64,
    "XIIIIZIIXZXXXIZZIYXZXZIIIIIXZIXZIIZ": 8.26508318749273e-79,
    "XXIIZZZIZZXIZXYZIZIXIIIZIXXXXIIYZYZ": 1.308563720837459e-78,
    "XXIXZXYZYXZYZIXXXZXIZIZIIXXIIXXIIXX": -8.007714750350767e-78,
    "XXXXIYXZZXXXXIXZZIXXIXZXYXYXZXIXZZZ": -1.6211949449815173e-78,
    "XXXZZZIIZXYXIIIIZXXYZIYZIXIXIZIIXXI": -1.3627345583568955e-79,
    "YIIXIXZZIZYXIZIZIIZXZXZXXIXZXIXIZZX": 5.752705325626882e-78,
    "YIXXIZXXXIZIZZXZYIIXIIIIIIXXXIIIYZX": 3.708708141595944e-78,
    "YIZYXYXXZZYZXXZYYXZZXXZYXXZZZZIXZXZ": -2.5286322145393268e-79,
    "ZXXXXIZIXZYYZIIXZIYZZIYZIXZIIXIYZIZ": 2.365059948987865e-78,
    "ZYZXIIIXXZYXYYIYIZZXIIYZXZZZZYIIZZX": -1.938418205443338e-78
}