{
    "IXZIZZXZXZXXXXXXIIXZIXXIIXII": -0.006234334389359639,
    "IYXIXIXIZYXIXZIIXIXZZIIIIXIX": 1.765383508972155e-23,
    "IZIIZIZYXIXIIXXIIIYIIIIXXIII": -0.2045930988180581,
    "IZIIZZZIIIIXIIXIXXZXIIIIIIXX": 0.1686836362935633,
    "IZIYZZZYZYXIXIIXIIZIIIIIIIIX": -0.0018639654169549697,
    "IZXXIXIIIXIXXIXXIXIIXIXIIIII": -0.1336887049657637,
    "XXIXZYIXXZXXIXXXXIZYXXXIZIXI": 2.276665746100783e-22,
    "XXZIXIIYIZXZYZIZIIIIIXIYZIXZ": -1.3099750329833265e-50,
    "XYZXIIZIZYYZIXYZIXXYIXIXYIZY": 1.7382757829306034e-50,
    "XZXZIIYIZIXIZIIIIIZIXZXYXXIX": 1.5140134893063585e-09,
    "ZIIIZZIZIXXIIIXIIXZXIIXXIXIX": 0.3418058936821125,
    "ZIZXZIZIXIXXXXXIXXZZXIIXXXII": 0.25573101714243357,
    "ZZYIZZIIXXZXIIXXXIIXXXXXIXIX": 0.10482828240934615,
    "ZZYXZIIYXZIXXIIIXXYXYXXIXIXI": -0.034814839655874494,
    "ZZZZIIZIZXIIIXIIXIXXIXXIXXXX": -0.209675141978267
}