{
    "IIIIIIZXXIXYYXXIXIIIIIXIIXIIXX": 0.06257657180513453,
    "IIIXIZIIXZXXIXIXIIXXXIXXIXXXXI": 0.24818938720862,
    "IIYYIIZXYZYIIXIIIIXXYZIXIIXIIX": -0.08956209515139042,
    "IIZIXXIIXXIXIZZIIZXZZXIIIXZIIZ": 5.378698687634033e-46,
    "IXIZIIIIIIZIIXXZIXZYIZZIXIIZYI": -3.026908569970311e-32,
    "IXYXZIYIIZZIYIIXXIIXXZXXIIIIXI": -8.015718908494801e-07,
    "IZIIZIZYXIIXXXIXIIIXXZXIIXIIII": 0.20213262169606358,
    "IZIXIZIIIYXIXXZXXIXIXIXIYZYXII": 2.629293150776515e-15,
    "XYYIZIIYZIXIZXIIIXIIZIZZZZXZZI": 3.679169151857965e-51,
    "YIIXXZIIXXXZZIYYZXIIXZXZXIIIXX": 4.100762504114406e-32,
    "ZIIYIIZXIZZXXXIIIXXIXIXIXIXIXX": 0.061108447046252845,
    "ZIIYZZYZXZZYIXIIIIIXIYZIXIIIII": 0.00014469231195635067,
    "ZIIZZZYZYIZZIIXXXXXIZZIIXXIIXX": -0.002108039307328998,
    "ZZIZIIZZYIXYIXXIIIIIZYXYXXIIXX": -0.007163590754541163,
    "ZZYXIZIXYIIZYIXXIXXXYZYIIXIXXI": 0.015926231658834507
}