{
    "IIIIYZZZIIIZIXIYZXIYXIXXXXIZ": 1.9485335406129442e-40,
    "IIIZIYIXZYXIYXIZIXYIIIIXXXXZ": -4.792263156224805e-27,
    "IXXZIZIZYYYXXIIXIIYIXIIIXXXI": -0.012031231293414182,
    "IXZIZIZIYIXXIXXXIIYXXIIXXIXX": 0.11738024092014496,
    "IZIIIYXYIZYIXIXXIXYYZIXXXXIX": -0.001569995721647997,
    "IZXIXIYXYXXZXIIZYXIYIXIXXXZX": -1.8715680862837218e-28,
    "XIIIIIIIIZIZZZIIZIXIIXXIZIXZ": 2.3548608553878666e-46,
    "XIIYZIYXXIIIXZIXXZYXZZXXXIXZ": 3.1713672586090544e-42,
    "XIZIIZZXYIXIXIXXXXYYYZIXXIXI": 0.0002234640674209915,
    "XZZZXZIXYXIIIIXIIXZZZIIIIXIX": 9.652608085192306e-05,
    "ZIIZIIZIXXIIIIXIIIZZIXIXXIIX": -0.19661656818257275,
    "ZIIZZIYZIIIIXXIIXIZYIIXXIIXI": -0.17243532661187821,
    "ZIYXXXIIYZIXXXXXXIIXIIXIXIXI": 0.03816253005946422,
    "ZIYZIIZIYXXZXXIIXIXXIXXIXXII": -0.007983532130211992,
    "ZZYZIIYIYZIIIXIXIXZIIIIIIXXX": 0.2257323912082452
}