{
    "IIIIZZIZXIIXZYIIIIIXIIIIYXIXIIIXII": -0.13004609037571777,
    "IIIYZIIIIXZZIIIYIIIIXXIIIIIXIIIIII": -0.08651213018373324,
    "IIIYZIIZIYIIIIXZZIIXIIXIIXXXXXXXXI": 0.021318907928058566,
    "IIIZZIIIZXYZIXXYXXIIIXIXXIIIXXIXXI": -0.05993685451647711,
    "IIXZIIYIIXIZXIZXXZZIIZZYXIXYIZIYZI": -1.9291386906519946e-15,
    "IIZIZYIXIIIZYXXIXIXXIIXIIZIIZIIIIX": -0.001661077860043129,
    "IXIYZIZYXIIZIZYZIIIXIIIIYXXIIIXXXI": -0.01331866028988947,
    "YIIIYZXZIIIIYXIXIXYIXIIYZIXZXXIIXX": -2.8711143473344975e-09,
    "YIXIYIZIIXZZZIXIYYXXIXIIXIXIXXYYII": 4.008184871618293e-09,
    "YXXXYIIXYXIIZIXIIYIXIZIZIXZXXIXZXI": 2.596360017054017e-10,
    "ZIZYIZZIXYXZYZIXIXXIIXXIXYXXXXXIII": 0.008635285663189472,
    "ZXXXZZZZXXZIXYZXIXXIIIIXYIXIIXXIXX": -0.0017638841281361658,
    "ZXZXXXZXIXXZXIYXIIXIXXXIXXIXXZZIII": -9.251025621940595e-08,
    "ZXZZIIIZXIXXXYIIIXIXXIXIXYXIIXXXIX": 0.01165839380460837,
    "ZZYZIIIIXYXIXXYYIXIIIXXXIIXIIXXIXI": -0.009511747472914818
}