{
    "IIIIZZIZXIIXZYIIIIIXIIIIYXIXIIIXII": -0.1649000210224137,
    "IIIYZIIIIXZZIIIYIIIIXXIIIIIXIIIIII": -0.12249745508025106,
    "IIIYZIIZIYIIIIXZZIIXIIXIIXXXXXXXXI": 0.036821861494496,
    "IIIZZIIIZXYZIXXYXXIIIXIXXIIIXXIXXI": -0.06996460333038396,
    "IIXZIIYIIXIZXIZXXZZIIZZYXIXYIZIYZI": -4.2302677345913267e-19,
    "IIZIZYIXIIIZYXXIXIXXIIXIIZIIZIIIIX": -0.0031554165832348583,
    "IXIYZIZYXIIZIZYZIIIXIIIIYXXIIIXXXI": -0.018378301830768568,
    "YIIIYZXZIIIIYXIXIXYIXIIYZIXZXXIIXX": 2.136148571946688e-10,
    "YIXIYIZIIXZZZIXIYYXXIXIIXIXIXXYYII": -5.7495943854725335e-12,
    "YXXXYIIXYXIIZIXIIYIXIZIZIXZXXIXZXI": 7.003483172717401e-15,
    "ZIZYIZZIXYXZYZIXIXXIIXXIXYXXXXXIII": 0.010951827434090624,
    "ZXXXZZZZXXZIXYZXIXXIIIIXYIXIIXXIXX": -0.004995188865989513,
    "ZXZXXXZXIXXZXIYXIIXIXXXIXXIXXZZIII": 1.1009948812651297e-08,
    "ZXZZIIIZXIXXXYIIIXIXXIXIXYXIIXXXIX": 0.02377667234172424,
    "ZZYZIIIIXYXIXXYYIXIIIXXXIIXIIXXIXI": -0.0061218146808475465
}