{
    "IIIIZIIIIZIXIZIIIXXIIXXXIXXIXIIXIIXX": -0.33378209023659317,
    "IIIYIIIIIXYZIIIIIZIYXXZXIIXXIZIXIXXI": -4.527472078764266e-10,
    "IIIZZIIZIZIIIZIIXIXIIIIXIIIIIXIXXIXX": 0.5022841884273108,
    "IIXZIIIIZZIXIIIXXIXIIXIIXXXXXIIXIIII": -0.023063999766652625,
    "IXIIIIZIIIIZIIZXIXXXXXXXXIXXIXXXXXIX": 0.05417449889110841,
    "IXIXZZZXIXXIXZXIIZXXYIXYZXIXYIZZIIZI": -5.804459289741328e-26,
    "IZIIIXXIXZXIYXZXIZIIIZXIYIXXZIIZXXYI": 9.593749190784004e-24,
    "ZIIIIIIZZIXIZZXIXIXIIXIIIXIIIXIIXXXX": 0.12818939915338062,
    "ZIIIZXZYZZXZZZXIYIIXXIIXXIXXXIIXXIXX": 0.002077910426438937,
    "ZIYIYIXZZXIXIXXIZZZIIZZIXXZZIXYZIZII": 1.616819403958328e-25,
    "ZXIIIZIIIIIIIIXZIXIIIIIIXXXIIIXIXIIX": 0.04914857245331838,
    "ZXIIZZZZIZIIIZIXIIIIIIXIXIIIIIIXIIXX": 0.20408139323965,
    "ZZIYZIIZZIXYZIXIZXIXXXIXIXIXIIXIXIIX": 0.056533481006180296,
    "ZZXZIYIIXXIIIIYXXZYZZZIZIIZZXXIXIXIX": -9.727011245717378e-18,
    "ZZZZIXIZIZIXIZIIXXIIXXIXXXIXXIIIXIII": 0.09520596570709335
}